,sales
0,1.9459101490553132
1,2.6390573296152584
2,4.0943445622221
3,0.6931471805599453
4,2.70805020110221
5,3.1780538303479458
6,3.044522437723423
7,2.8903717578961645
8,1.9459101490553132
9,0.6931471805599453
10,0.6931471805599453
11,1.0986122886681098
12,1.3862943611198906
13,3.258096538021482
14,0.6931471805599453
15,2.302585092994046
16,1.0986122886681098
17,2.4849066497880004
18,1.6094379124341003
19,5.049856007249537
20,2.4849066497880004
21,3.1354942159291497
22,1.6094379124341003
23,2.5649493574615367
24,2.772588722239781
25,3.044522437723423
26,2.0794415416798357
27,2.6390573296152584
28,0.6931471805599453
29,3.4339872044851463
30,3.044522437723423
31,1.0986122886681098
32,1.0986122886681098
33,1.6094379124341003
34,2.1972245773362196
35,2.4849066497880004
36,2.9444389791664403
37,1.0986122886681098
38,1.6094379124341003
39,2.3978952727983707
40,1.791759469228055
41,3.1354942159291497
42,1.0986122886681098
43,3.58351893845611
44,3.332204510175204
45,4.060443010546419
46,0.0
47,2.70805020110221
48,1.3862943611198906
49,1.3862943611198906
50,4.204692619390966
51,1.0986122886681098
52,3.6109179126442243
53,1.791759469228055
54,2.70805020110221
55,2.1972245773362196
56,4.276666119016055
57,2.6390573296152584
58,2.6390573296152584
59,1.0986122886681098
60,2.5649493574615367
61,3.1780538303479458
62,1.9459101490553132
63,2.0794415416798357
64,1.3862943611198906
65,4.477336814478207
66,1.0986122886681098
67,3.713572066704308
68,2.9444389791664403
69,2.1972245773362196
70,2.833213344056216
71,1.3862943611198906
72,1.0986122886681098
73,3.6375861597263857
74,3.4657359027997265
75,1.0986122886681098
76,3.1354942159291497
77,2.302585092994046
78,2.1972245773362196
79,3.970291913552122
80,1.0986122886681098
81,2.302585092994046
82,1.0986122886681098
83,2.995732273553991
84,2.6390573296152584
85,2.833213344056216
86,2.9444389791664403
87,3.367295829986474
88,2.833213344056216
89,3.4965075614664802
90,3.784189633918261
91,3.1780538303479458
92,1.791759469228055
93,3.9889840465642745
94,1.791759469228055
95,1.9459101490553132
96,2.70805020110221
97,3.6375861597263857
98,2.70805020110221
99,1.0986122886681098
100,2.3978952727983707
101,1.3862943611198906
102,2.1972245773362196
103,2.4849066497880004
104,1.791759469228055
105,2.302585092994046
106,2.1972245773362196
107,5.062595033026967
108,2.833213344056216
109,3.871201010907891
110,2.833213344056216
111,1.6094379124341003
112,1.0986122886681098
113,1.3862943611198906
114,5.056245805348308
115,2.3978952727983707
116,1.0986122886681098
117,1.6094379124341003
118,0.6931471805599453
119,2.8903717578961645
120,2.1972245773362196
121,2.772588722239781
122,3.871201010907891
123,3.258096538021482
124,4.0943445622221
125,1.6094379124341003
126,2.9444389791664403
127,3.6888794541139363
128,2.772588722239781
129,2.0794415416798357
130,1.6094379124341003
131,2.6390573296152584
132,1.791759469228055
133,4.3694478524670215
134,2.833213344056216
135,1.6094379124341003
136,2.8903717578961645
137,3.1780538303479458
138,1.6094379124341003
139,4.890349128221754
140,1.9459101490553132
141,2.302585092994046
142,2.8903717578961645
143,2.70805020110221
144,1.791759469228055
145,2.9444389791664403
146,1.9459101490553132
147,4.532599493153256
148,0.0
149,1.6094379124341003
150,4.1588830833596715
151,3.828641396489095
152,1.791759469228055
153,2.6390573296152584
154,0.0
155,1.6094379124341003
156,1.0986122886681098
157,2.302585092994046
158,2.6390573296152584
159,0.0
160,1.6094379124341003
161,2.0794415416798357
162,4.174387269895637
163,1.9459101490553132
164,1.791759469228055
165,1.0986122886681098
166,1.9459101490553132
167,5.332718793265369
168,0.6931471805599453
169,1.9459101490553132
170,1.9459101490553132
171,2.833213344056216
172,2.1972245773362196
173,3.044522437723423
174,3.4011973816621555
175,3.871201010907891
176,2.995732273553991
177,1.791759469228055
178,3.4657359027997265
179,2.995732273553991
180,2.0794415416798357
181,2.9444389791664403
182,1.3862943611198906
183,4.189654742026425
184,1.791759469228055
185,1.6094379124341003
186,1.0986122886681098
187,3.044522437723423
188,4.343805421853684
189,2.3978952727983707
190,1.3862943611198906
191,0.6931471805599453
192,2.3978952727983707
193,3.091042453358316
194,1.791759469228055
195,1.6094379124341003
196,1.0986122886681098
197,1.9459101490553132
198,4.634728988229636
199,1.3862943611198906
200,1.6094379124341003
201,3.6109179126442243
202,2.70805020110221
203,3.295836866004329
204,1.791759469228055
205,2.5649493574615367
206,2.772588722239781
207,1.791759469228055
208,2.9444389791664403
209,0.0
210,1.3862943611198906
211,3.6109179126442243
212,3.4657359027997265
213,1.6094379124341003
214,2.0794415416798357
215,3.5553480614894135
216,1.0986122886681098
217,3.1780538303479458
218,2.70805020110221
219,1.3862943611198906
220,1.6094379124341003
221,2.8903717578961645
222,1.9459101490553132
223,2.6390573296152584
224,2.3978952727983707
225,4.382026634673881
226,4.07753744390572
227,1.791759469228055
228,2.70805020110221
229,2.302585092994046
230,0.6931471805599453
231,1.791759469228055
232,2.6390573296152584
233,3.1354942159291497
234,1.0986122886681098
235,1.3862943611198906
236,3.4965075614664802
237,3.6888794541139363
238,0.0
239,0.0
240,4.02535169073515
241,2.5649493574615367
242,4.31748811353631
243,3.6888794541139363
244,2.8903717578961645
245,3.5263605246161616
246,2.6390573296152584
247,3.091042453358316
248,3.091042453358316
249,2.1972245773362196
250,2.772588722239781
251,4.770684624465665
252,2.4849066497880004
253,1.9459101490553132
254,3.8918202981106265
255,2.995732273553991
256,1.6094379124341003
257,2.70805020110221
258,1.0986122886681098
259,1.0986122886681098
260,0.6931471805599453
261,3.5553480614894135
262,1.3862943611198906
263,3.1354942159291497
264,2.4849066497880004
265,3.1354942159291497
266,3.091042453358316
267,3.044522437723423
268,3.1354942159291497
269,2.0794415416798357
270,1.6094379124341003
271,3.6888794541139363
272,1.791759469228055
273,3.58351893845611
274,1.6094379124341003
275,1.6094379124341003
276,4.7535901911063645
277,3.1354942159291497
278,0.0
279,0.6931471805599453
280,2.1972245773362196
281,2.70805020110221
282,1.3862943611198906
283,4.394449154672439
284,0.0
285,3.4011973816621555
286,1.9459101490553132
287,0.0
288,3.6635616461296463
289,4.143134726391533
290,0.0
291,1.0986122886681098
292,3.8066624897703196
293,4.204692619390966
294,3.5263605246161616
295,2.70805020110221
296,1.0986122886681098
297,1.6094379124341003
298,1.791759469228055
299,3.258096538021482
300,3.7376696182833684
301,4.727387818712341
302,4.127134385045092
303,3.6635616461296463
304,1.0986122886681098
305,2.5649493574615367
306,1.0986122886681098
307,2.772588722239781
308,2.1972245773362196
309,1.0986122886681098
310,1.3862943611198906
311,2.70805020110221
312,3.2188758248682006
313,0.6931471805599453
314,2.1972245773362196
315,3.828641396489095
316,1.9459101490553132
317,3.091042453358316
318,3.8501476017100584
319,1.3862943611198906
320,3.970291913552122
321,1.6094379124341003
322,3.044522437723423
323,4.51085950651685
324,4.465908118654584
325,2.3978952727983707
326,2.6390573296152584
327,3.871201010907891
328,3.6109179126442243
329,3.295836866004329
330,3.258096538021482
331,1.6094379124341003
332,1.0986122886681098
333,0.0
334,2.3978952727983707
335,2.70805020110221
336,1.9459101490553132
337,3.1780538303479458
338,2.6390573296152584
339,1.9459101490553132
340,3.6635616461296463
341,1.791759469228055
342,3.6635616461296463
343,2.0794415416798357
344,1.3862943611198906
345,1.3862943611198906
346,3.828641396489095
347,1.791759469228055
348,3.6375861597263857
349,1.3862943611198906
350,2.0794415416798357
351,1.791759469228055
352,1.6094379124341003
353,1.9459101490553132
354,1.3862943611198906
355,1.3862943611198906
356,0.6931471805599453
357,3.970291913552122
358,2.772588722239781
359,3.295836866004329
360,1.791759469228055
361,3.58351893845611
362,1.6094379124341003
363,0.6931471805599453
364,3.4011973816621555
365,2.1972245773362196
366,2.302585092994046
367,3.044522437723423
368,2.6390573296152584
369,0.6931471805599453
370,2.3978952727983707
371,1.6094379124341003
372,1.791759469228055
373,3.912023005428146
374,2.3978952727983707
375,2.0794415416798357
376,2.0794415416798357
377,0.6931471805599453
378,0.0
379,4.0943445622221
380,4.007333185232471
381,3.2188758248682006
382,0.0
383,1.0986122886681098
384,4.8283137373023015
385,2.833213344056216
386,4.553876891600541
387,3.4965075614664802
388,3.4657359027997265
389,2.9444389791664403
390,2.4849066497880004
391,1.3862943611198906
392,3.258096538021482
393,1.0986122886681098
394,0.6931471805599453
395,3.044522437723423
396,0.6931471805599453
397,2.3978952727983707
398,2.5649493574615367
399,2.0794415416798357
400,0.0
401,4.418840607796598
402,1.9459101490553132
403,1.0986122886681098
404,3.4965075614664802
405,0.6931471805599453
406,2.5649493574615367
407,1.6094379124341003
408,1.3862943611198906
409,3.5553480614894135
410,3.5263605246161616
411,0.6931471805599453
412,1.9459101490553132
413,1.0986122886681098
414,3.6109179126442243
415,3.6635616461296463
416,2.6390573296152584
417,2.1972245773362196
418,1.6094379124341003
419,2.6390573296152584
420,1.0986122886681098
421,1.3862943611198906
422,3.4657359027997265
423,1.0986122886681098
424,3.367295829986474
425,0.0
426,2.0794415416798357
427,2.772588722239781
428,2.1972245773362196
429,1.6094379124341003
430,3.4011973816621555
431,2.8903717578961645
432,4.23410650459726
433,3.4965075614664802
434,2.0794415416798357
435,2.0794415416798357
436,0.0
437,4.442651256490317
438,3.8501476017100584
439,2.0794415416798357
440,1.791759469228055
441,0.6931471805599453
442,2.1972245773362196
443,1.9459101490553132
444,1.6094379124341003
445,3.044522437723423
446,1.0986122886681098
447,2.4849066497880004
448,0.0
449,2.3978952727983707
450,2.302585092994046
451,3.784189633918261
452,1.3862943611198906
453,0.6931471805599453
454,3.9318256327243257
455,0.6931471805599453
456,0.0
457,3.58351893845611
458,1.0986122886681098
459,0.6931471805599453
460,1.0986122886681098
461,1.3862943611198906
462,2.833213344056216
463,3.091042453358316
464,5.680172609017068
465,4.02535169073515
466,1.6094379124341003
467,2.4849066497880004
468,3.2188758248682006
469,3.258096538021482
470,1.9459101490553132
471,2.1972245773362196
472,3.295836866004329
473,1.9459101490553132
474,4.127134385045092
475,2.6390573296152584
476,3.295836866004329
477,2.5649493574615367
478,2.0794415416798357
479,2.833213344056216
480,2.772588722239781
481,2.5649493574615367
482,2.4849066497880004
483,0.6931471805599453
484,3.332204510175204
485,3.1354942159291497
486,2.302585092994046
487,1.6094379124341003
488,0.6931471805599453
489,1.9459101490553132
490,3.091042453358316
491,2.1972245773362196
492,2.9444389791664403
493,0.0
494,1.9459101490553132
495,4.574710978503383
496,2.833213344056216
497,0.0
498,1.9459101490553132
499,2.0794415416798357
500,0.0
501,1.6094379124341003
502,2.1972245773362196
503,1.0986122886681098
504,0.6931471805599453
505,1.3862943611198906
506,3.6635616461296463
507,3.044522437723423
508,2.4849066497880004
509,3.4011973816621555
510,3.044522437723423
511,0.6931471805599453
512,2.0794415416798357
513,1.6094379124341003
514,4.430816798843313
515,1.9459101490553132
516,1.9459101490553132
517,1.6094379124341003
518,1.3862943611198906
519,1.791759469228055
520,3.091042453358316
521,2.772588722239781
522,3.6888794541139363
523,2.772588722239781
524,2.3978952727983707
525,1.3862943611198906
526,3.784189633918261
527,2.833213344056216
528,3.4657359027997265
529,2.70805020110221
530,1.6094379124341003
531,2.4849066497880004
532,2.3978952727983707
533,1.0986122886681098
534,1.3862943611198906
535,1.0986122886681098
536,3.091042453358316
537,1.6094379124341003
538,1.0986122886681098
539,0.0
540,1.0986122886681098
541,1.0986122886681098
542,3.4965075614664802
543,3.9512437185814275
544,5.10594547390058
545,3.332204510175204
546,0.6931471805599453
547,2.9444389791664403
548,1.6094379124341003
549,2.3978952727983707
550,2.0794415416798357
551,1.9459101490553132
552,3.4339872044851463
553,1.9459101490553132
554,1.6094379124341003
555,1.9459101490553132
556,1.791759469228055
557,1.3862943611198906
558,0.0
559,2.302585092994046
560,3.871201010907891
561,2.1972245773362196
562,4.02535169073515
563,2.8903717578961645
564,3.091042453358316
565,1.0986122886681098
566,4.127134385045092
567,4.0943445622221
568,0.6931471805599453
569,0.0
570,2.3978952727983707
571,1.791759469228055
572,3.044522437723423
573,0.6931471805599453
574,2.3978952727983707
575,3.4339872044851463
576,3.091042453358316
577,3.5553480614894135
578,1.3862943611198906
579,2.1972245773362196
580,1.6094379124341003
581,2.4849066497880004
582,2.70805020110221
583,2.4849066497880004
584,1.3862943611198906
585,0.6931471805599453
586,2.70805020110221
587,2.6390573296152584
588,2.1972245773362196
589,1.3862943611198906
590,3.4339872044851463
591,1.9459101490553132
592,3.6375861597263857
593,2.5649493574615367
594,3.367295829986474
595,3.2188758248682006
596,3.2188758248682006
597,2.1972245773362196
598,2.6390573296152584
599,2.3978952727983707
600,4.634728988229636
601,1.0986122886681098
602,2.70805020110221
603,3.4011973816621555
604,0.0
605,0.6931471805599453
606,1.3862943611198906
607,3.8066624897703196
608,3.2188758248682006
609,2.6390573296152584
610,0.6931471805599453
611,2.70805020110221
612,3.2188758248682006
613,2.1972245773362196
614,1.0986122886681098
615,3.4011973816621555
616,1.9459101490553132
617,2.3978952727983707
618,4.30406509320417
619,0.6931471805599453
620,2.1972245773362196
621,1.0986122886681098
622,1.0986122886681098
623,3.713572066704308
624,1.6094379124341003
625,1.6094379124341003
626,2.4849066497880004
627,2.6390573296152584
628,2.9444389791664403
629,0.0
630,3.58351893845611
631,2.302585092994046
632,2.4849066497880004
633,1.3862943611198906
634,3.6635616461296463
635,1.6094379124341003
636,1.9459101490553132
637,1.791759469228055
638,0.6931471805599453
639,2.0794415416798357
640,0.0
641,2.1972245773362196
642,2.302585092994046
643,1.9459101490553132
644,2.3978952727983707
645,2.3978952727983707
646,2.302585092994046
647,1.0986122886681098
648,2.8903717578961645
649,2.1972245773362196
650,3.713572066704308
651,3.8501476017100584
652,2.8903717578961645
653,0.0
654,3.970291913552122
655,3.9318256327243257
656,2.0794415416798357
657,3.871201010907891
658,3.258096538021482
659,2.302585092994046
660,3.044522437723423
661,1.791759469228055
662,0.0
663,3.4965075614664802
664,0.6931471805599453
665,2.70805020110221
666,1.9459101490553132
667,2.0794415416798357
668,1.0986122886681098
669,3.044522437723423
670,2.772588722239781
671,2.833213344056216
672,3.5553480614894135
673,1.0986122886681098
674,3.8066624897703196
675,2.0794415416798357
676,2.772588722239781
677,2.1972245773362196
678,3.044522437723423
679,3.295836866004329
680,3.332204510175204
681,1.791759469228055
682,2.70805020110221
683,0.6931471805599453
684,0.0
685,2.772588722239781
686,0.6931471805599453
687,3.4011973816621555
688,0.0
689,2.3978952727983707
690,3.8066624897703196
691,2.772588722239781
692,1.791759469228055
693,2.9444389791664403
694,4.204692619390966
695,3.332204510175204
696,2.4849066497880004
697,1.3862943611198906
698,2.995732273553991
699,2.1972245773362196
700,0.0
701,2.302585092994046
702,3.091042453358316
703,2.302585092994046
704,3.044522437723423
705,0.0
706,2.0794415416798357
707,2.4849066497880004
708,3.4657359027997265
709,3.9889840465642745
710,2.0794415416798357
711,1.0986122886681098
712,1.0986122886681098
713,2.1972245773362196
714,2.6390573296152584
715,3.295836866004329
716,3.4657359027997265
717,3.1780538303479458
718,3.044522437723423
719,2.6390573296152584
720,1.3862943611198906
721,2.70805020110221
722,2.302585092994046
723,3.7612001156935624
724,2.1972245773362196
725,2.0794415416798357
726,4.248495242049359
727,2.1972245773362196
728,1.0986122886681098
729,1.3862943611198906
730,2.1972245773362196
731,0.6931471805599453
732,3.7612001156935624
733,2.833213344056216
734,1.0986122886681098
735,4.564348191467836
736,2.4849066497880004
737,2.3978952727983707
738,1.9459101490553132
739,0.0
740,2.5649493574615367
741,2.0794415416798357
742,1.9459101490553132
743,0.6931471805599453
744,0.0
745,1.0986122886681098
746,1.0986122886681098
747,0.6931471805599453
748,4.07753744390572
749,3.8066624897703196
750,2.8903717578961645
751,1.3862943611198906
752,1.6094379124341003
753,2.302585092994046
754,0.6931471805599453
755,3.4965075614664802
756,3.9318256327243257
757,3.4965075614664802
758,1.791759469228055
759,3.091042453358316
760,3.58351893845611
761,2.4849066497880004
762,4.584967478670572
763,1.6094379124341003
764,1.791759469228055
765,2.302585092994046
766,3.970291913552122
767,3.091042453358316
768,2.772588722239781
769,2.302585092994046
770,3.6635616461296463
771,3.5263605246161616
772,0.6931471805599453
773,3.4011973816621555
774,3.367295829986474
775,1.3862943611198906
776,1.3862943611198906
777,2.302585092994046
778,2.4849066497880004
779,1.9459101490553132
780,2.4849066497880004
781,1.3862943611198906
782,3.091042453358316
783,3.367295829986474
784,2.3978952727983707
785,0.6931471805599453
786,3.784189633918261
787,0.6931471805599453
788,3.2188758248682006
789,2.302585092994046
790,2.302585092994046
791,3.6888794541139363
792,2.772588722239781
793,1.9459101490553132
794,2.5649493574615367
795,0.6931471805599453
796,2.5649493574615367
797,0.6931471805599453
798,2.302585092994046
799,2.1972245773362196
800,0.6931471805599453
801,2.4849066497880004
802,3.091042453358316
803,2.6390573296152584
804,3.871201010907891
805,2.70805020110221
806,2.1972245773362196
807,2.5649493574615367
808,2.5649493574615367
809,1.791759469228055
810,1.3862943611198906
811,0.0
812,1.0986122886681098
813,2.8903717578961645
814,1.3862943611198906
815,1.0986122886681098
816,0.0
817,3.8066624897703196
818,2.772588722239781
819,3.4657359027997265
820,2.302585092994046
821,4.454347296253507
822,0.6931471805599453
823,2.8903717578961645
824,3.332204510175204
825,2.5649493574615367
826,3.332204510175204
827,0.0
828,3.1354942159291497
829,3.9889840465642745
830,0.0
831,3.9889840465642745
832,1.6094379124341003
833,0.0
834,1.9459101490553132
835,5.030437921392435
836,5.247024072160486
837,2.6390573296152584
838,2.3978952727983707
839,2.302585092994046
840,2.6390573296152584
841,3.295836866004329
842,0.0
843,1.0986122886681098
844,1.9459101490553132
845,2.8903717578961645
846,1.791759469228055
847,2.5649493574615367
848,1.791759469228055
849,1.0986122886681098
850,0.0
851,4.890349128221754
852,3.258096538021482
853,1.9459101490553132
854,2.772588722239781
855,1.3862943611198906
856,2.833213344056216
857,1.9459101490553132
858,2.0794415416798357
859,1.0986122886681098
860,3.6109179126442243
861,0.6931471805599453
862,2.0794415416798357
863,4.110873864173311
864,1.6094379124341003
865,1.0986122886681098
866,1.9459101490553132
867,1.6094379124341003
868,2.1972245773362196
869,2.772588722239781
870,2.9444389791664403
871,1.791759469228055
872,5.017279836814924
873,0.6931471805599453
874,1.6094379124341003
875,1.0986122886681098
876,1.791759469228055
877,1.9459101490553132
878,3.4965075614664802
879,2.0794415416798357
880,1.6094379124341003
881,2.302585092994046
882,1.791759469228055
883,1.3862943611198906
884,2.1972245773362196
885,1.0986122886681098
886,2.833213344056216
887,2.4849066497880004
888,2.772588722239781
889,1.791759469228055
890,2.9444389791664403
891,3.5553480614894135
892,0.6931471805599453
893,1.791759469228055
894,1.0986122886681098
895,0.0
896,0.6931471805599453
897,4.61512051684126
898,0.6931471805599453
899,0.6931471805599453
900,1.3862943611198906
901,1.0986122886681098
902,4.07753744390572
903,2.1972245773362196
904,3.784189633918261
905,3.044522437723423
906,3.258096538021482
907,3.6888794541139363
908,4.3694478524670215
909,2.1972245773362196
910,2.1972245773362196
911,2.0794415416798357
912,2.302585092994046
913,1.9459101490553132
914,1.9459101490553132
915,1.3862943611198906
916,2.833213344056216
917,0.6931471805599453
918,2.772588722239781
919,3.8918202981106265
920,2.0794415416798357
921,1.0986122886681098
922,3.8918202981106265
923,3.258096538021482
924,1.6094379124341003
925,2.1972245773362196
926,2.0794415416798357
927,4.189654742026425
928,1.3862943611198906
929,3.2188758248682006
930,2.4849066497880004
931,3.295836866004329
932,3.4339872044851463
933,1.791759469228055
934,2.302585092994046
935,2.0794415416798357
936,4.430816798843313
937,2.1972245773362196
938,3.1354942159291497
939,3.713572066704308
940,3.58351893845611
941,1.9459101490553132
942,3.1354942159291497
943,3.7612001156935624
944,3.6109179126442243
945,0.0
946,2.833213344056216
947,1.3862943611198906
948,1.9459101490553132
949,2.1972245773362196
950,1.6094379124341003
951,1.0986122886681098
952,1.9459101490553132
953,2.1972245773362196
954,1.6094379124341003
955,1.3862943611198906
956,1.0986122886681098
957,2.70805020110221
958,2.3978952727983707
959,2.5649493574615367
960,2.8903717578961645
961,4.174387269895637
962,2.4849066497880004
963,0.0
964,1.9459101490553132
965,0.0
966,2.3978952727983707
967,4.04305126783455
968,0.0
969,4.477336814478207
970,3.2188758248682006
971,2.6390573296152584
972,2.0794415416798357
973,1.0986122886681098
974,3.295836866004329
975,0.6931471805599453
976,1.6094379124341003
977,3.1780538303479458
978,0.6931471805599453
979,2.0794415416798357
980,2.3978952727983707
981,3.713572066704308
982,2.995732273553991
983,1.3862943611198906
984,2.3978952727983707
985,4.110873864173311
986,3.6635616461296463
987,1.0986122886681098
988,1.6094379124341003
989,3.8066624897703196
990,1.791759469228055
991,1.0986122886681098
992,3.4339872044851463
993,0.6931471805599453
994,2.0794415416798357
995,2.772588722239781
996,2.1972245773362196
997,2.1972245773362196
998,0.6931471805599453
999,2.3978952727983707
1000,3.367295829986474
1001,3.8066624897703196
1002,1.791759469228055
1003,2.772588722239781
1004,1.0986122886681098
1005,2.3978952727983707
1006,1.6094379124341003
1007,0.0
1008,2.302585092994046
1009,2.70805020110221
1010,1.3862943611198906
1011,2.8903717578961645
1012,2.70805020110221
1013,3.4011973816621555
1014,3.091042453358316
1015,3.332204510175204
1016,0.6931471805599453
1017,2.772588722239781
1018,1.791759469228055
1019,3.4657359027997265
1020,1.791759469228055
1021,0.6931471805599453
1022,3.295836866004329
1023,3.1780538303479458
1024,2.5649493574615367
1025,0.6931471805599453
1026,0.6931471805599453
1027,2.833213344056216
1028,2.772588722239781
1029,0.6931471805599453
1030,2.1972245773362196
1031,3.4657359027997265
1032,3.4339872044851463
1033,1.3862943611198906
1034,2.1972245773362196
1035,4.499809670330265
1036,1.791759469228055
1037,4.875197323201151
1038,2.5649493574615367
1039,1.6094379124341003
1040,2.302585092994046
1041,1.6094379124341003
1042,1.3862943611198906
1043,2.70805020110221
1044,3.8066624897703196
1045,3.8066624897703196
1046,3.6109179126442243
1047,1.6094379124341003
1048,0.6931471805599453
1049,4.983606621708336
1050,1.0986122886681098
1051,3.2188758248682006
1052,3.8918202981106265
1053,3.7376696182833684
1054,3.6109179126442243
1055,2.3978952727983707
1056,2.302585092994046
1057,3.295836866004329
1058,2.8903717578961645
1059,1.0986122886681098
1060,1.3862943611198906
1061,3.295836866004329
1062,2.772588722239781
1063,0.6931471805599453
1064,0.0
1065,4.1588830833596715
1066,3.970291913552122
1067,1.6094379124341003
1068,1.6094379124341003
1069,3.091042453358316
1070,2.5649493574615367
1071,2.70805020110221
1072,2.70805020110221
1073,3.044522437723423
1074,2.4849066497880004
1075,2.3978952727983707
1076,0.0
1077,2.0794415416798357
1078,0.0
1079,1.791759469228055
1080,1.9459101490553132
1081,2.995732273553991
1082,0.0
1083,2.302585092994046
1084,2.0794415416798357
1085,1.791759469228055
1086,1.6094379124341003
1087,2.0794415416798357
1088,2.5649493574615367
1089,3.4011973816621555
1090,3.784189633918261
1091,1.9459101490553132
1092,0.6931471805599453
1093,3.9512437185814275
1094,3.7376696182833684
1095,0.0
1096,1.3862943611198906
1097,3.5263605246161616
1098,2.302585092994046
1099,2.4849066497880004
1100,1.0986122886681098
1101,1.6094379124341003
1102,2.9444389791664403
1103,1.0986122886681098
1104,0.0
1105,5.60947179518496
1106,3.295836866004329
1107,3.4011973816621555
1108,2.3978952727983707
1109,2.3978952727983707
1110,3.4657359027997265
1111,2.3978952727983707
1112,1.791759469228055
1113,2.70805020110221
1114,2.8903717578961645
1115,3.9512437185814275
1116,2.0794415416798357
1117,3.044522437723423
1118,2.70805020110221
1119,2.3978952727983707
1120,2.4849066497880004
1121,3.1780538303479458
1122,0.0
1123,1.0986122886681098
1124,2.1972245773362196
1125,4.127134385045092
1126,2.6390573296152584
1127,3.091042453358316
1128,2.8903717578961645
1129,1.9459101490553132
1130,0.0
1131,1.3862943611198906
1132,1.3862943611198906
1133,2.1972245773362196
1134,4.382026634673881
1135,1.6094379124341003
1136,4.290459441148391
1137,2.833213344056216
1138,0.6931471805599453
1139,2.833213344056216
1140,4.143134726391533
1141,1.3862943611198906
1142,0.6931471805599453
1143,0.6931471805599453
1144,1.791759469228055
1145,2.70805020110221
1146,3.6109179126442243
1147,1.6094379124341003
1148,1.0986122886681098
1149,1.0986122886681098
1150,1.0986122886681098
1151,2.4849066497880004
1152,1.791759469228055
1153,2.0794415416798357
1154,1.791759469228055
1155,1.9459101490553132
1156,2.3978952727983707
1157,1.9459101490553132
1158,2.772588722239781
1159,0.6931471805599453
1160,3.044522437723423
1161,2.6390573296152584
1162,2.9444389791664403
1163,2.3978952727983707
1164,1.0986122886681098
1165,2.302585092994046
1166,2.9444389791664403
1167,2.1972245773362196
1168,2.302585092994046
1169,2.4849066497880004
1170,2.8903717578961645
1171,1.6094379124341003
1172,1.6094379124341003
1173,0.0
1174,2.4849066497880004
1175,1.6094379124341003
1176,2.0794415416798357
1177,3.1354942159291497
1178,2.3978952727983707
1179,2.3978952727983707
1180,4.406719247264253
1181,1.3862943611198906
1182,1.6094379124341003
1183,2.772588722239781
1184,1.3862943611198906
1185,3.1354942159291497
1186,1.6094379124341003
1187,2.833213344056216
1188,3.4657359027997265
1189,2.1972245773362196
1190,2.4849066497880004
1191,1.6094379124341003
1192,3.044522437723423
1193,2.6390573296152584
1194,2.3978952727983707
1195,4.0943445622221
1196,4.532599493153256
1197,2.8903717578961645
1198,2.0794415416798357
1199,1.0986122886681098
1200,3.367295829986474
1201,0.0
1202,0.6931471805599453
1203,1.9459101490553132
1204,1.0986122886681098
1205,3.091042453358316
1206,1.0986122886681098
1207,3.091042453358316
1208,2.70805020110221
1209,3.367295829986474
1210,3.5263605246161616
1211,2.833213344056216
1212,4.820281565605037
1213,0.6931471805599453
1214,1.791759469228055
1215,2.0794415416798357
1216,2.772588722239781
1217,3.1354942159291497
1218,2.3978952727983707
1219,3.4339872044851463
1220,0.0
1221,0.6931471805599453
1222,4.330733340286331
1223,0.6931471805599453
1224,3.1354942159291497
1225,0.6931471805599453
1226,3.1780538303479458
1227,3.9318256327243257
1228,2.0794415416798357
1229,0.6931471805599453
1230,1.9459101490553132
1231,2.0794415416798357
1232,1.0986122886681098
1233,1.791759469228055
1234,1.791759469228055
1235,2.302585092994046
1236,2.1972245773362196
1237,2.1972245773362196
1238,0.6931471805599453
1239,1.0986122886681098
1240,3.2188758248682006
1241,4.0943445622221
1242,3.295836866004329
1243,0.6931471805599453
1244,0.0
1245,2.4849066497880004
1246,3.044522437723423
1247,1.9459101490553132
1248,2.9444389791664403
1249,2.9444389791664403
1250,1.6094379124341003
1251,1.6094379124341003
1252,1.9459101490553132
1253,1.6094379124341003
1254,1.0986122886681098
1255,1.9459101490553132
1256,2.3978952727983707
1257,3.295836866004329
1258,1.0986122886681098
1259,2.0794415416798357
1260,3.258096538021482
1261,1.9459101490553132
1262,2.70805020110221
1263,3.2188758248682006
1264,2.302585092994046
1265,2.4849066497880004
1266,3.2188758248682006
1267,2.4849066497880004
1268,2.1972245773362196
1269,0.0
1270,4.07753744390572
1271,1.9459101490553132
1272,1.6094379124341003
1273,2.4849066497880004
1274,2.4849066497880004
1275,1.6094379124341003
1276,2.5649493574615367
1277,2.833213344056216
1278,2.0794415416798357
1279,1.9459101490553132
1280,2.1972245773362196
1281,0.0
1282,1.0986122886681098
1283,2.4849066497880004
1284,2.5649493574615367
1285,2.1972245773362196
1286,3.6109179126442243
1287,2.772588722239781
1288,0.6931471805599453
1289,2.6390573296152584
1290,1.791759469228055
1291,3.58351893845611
1292,1.3862943611198906
1293,2.995732273553991
1294,0.6931471805599453
1295,2.6390573296152584
1296,2.6390573296152584
1297,1.791759469228055
1298,3.044522437723423
1299,4.290459441148391
1300,1.0986122886681098
1301,1.791759469228055
1302,1.3862943611198906
1303,4.290459441148391
1304,2.5649493574615367
1305,1.3862943611198906
1306,0.6931471805599453
1307,2.995732273553991
1308,2.772588722239781
1309,2.9444389791664403
1310,1.9459101490553132
1311,4.060443010546419
1312,3.5553480614894135
1313,4.634728988229636
1314,3.4657359027997265
1315,0.6931471805599453
1316,0.0
1317,2.70805020110221
1318,4.532599493153256
1319,0.6931471805599453
1320,1.3862943611198906
1321,2.70805020110221
1322,3.8918202981106265
1323,2.4849066497880004
1324,3.091042453358316
1325,1.9459101490553132
1326,2.833213344056216
1327,3.6375861597263857
1328,2.70805020110221
1329,2.4849066497880004
1330,3.6375861597263857
1331,2.9444389791664403
1332,3.6888794541139363
1333,0.6931471805599453
1334,1.6094379124341003
1335,3.713572066704308
1336,2.5649493574615367
1337,1.9459101490553132
1338,0.6931471805599453
1339,3.2188758248682006
1340,2.833213344056216
1341,2.8903717578961645
1342,3.5263605246161616
1343,2.3978952727983707
1344,3.713572066704308
1345,3.970291913552122
1346,1.0986122886681098
1347,4.68213122712422
1348,2.70805020110221
1349,2.3978952727983707
1350,2.1972245773362196
1351,2.6390573296152584
1352,1.0986122886681098
1353,0.6931471805599453
1354,2.0794415416798357
1355,3.784189633918261
1356,3.713572066704308
1357,2.70805020110221
1358,2.70805020110221
1359,3.044522437723423
1360,1.0986122886681098
1361,2.772588722239781
1362,1.0986122886681098
1363,2.3978952727983707
1364,3.5553480614894135
1365,1.6094379124341003
1366,4.418840607796598
1367,2.302585092994046
1368,4.290459441148391
1369,2.302585092994046
1370,4.07753744390572
1371,1.9459101490553132
1372,4.770684624465665
1373,1.0986122886681098
1374,4.875197323201151
1375,3.332204510175204
1376,4.48863636973214
1377,4.890349128221754
1378,2.1972245773362196
1379,2.5649493574615367
1380,3.6375861597263857
1381,2.772588722239781
1382,0.6931471805599453
1383,1.6094379124341003
1384,1.6094379124341003
1385,2.9444389791664403
1386,1.0986122886681098
1387,4.574710978503383
1388,3.258096538021482
1389,3.8501476017100584
1390,1.6094379124341003
1391,2.833213344056216
1392,1.9459101490553132
1393,3.4965075614664802
1394,1.791759469228055
1395,1.791759469228055
1396,1.6094379124341003
1397,2.1972245773362196
1398,1.0986122886681098
1399,4.276666119016055
1400,3.4011973816621555
1401,3.58351893845611
1402,1.9459101490553132
1403,1.9459101490553132
1404,2.302585092994046
1405,0.0
1406,1.9459101490553132
1407,2.0794415416798357
1408,5.365976015021851
1409,2.0794415416798357
1410,0.0
1411,3.9512437185814275
1412,2.6390573296152584
1413,3.1780538303479458
1414,1.6094379124341003
1415,3.295836866004329
1416,2.3978952727983707
1417,0.6931471805599453
1418,1.0986122886681098
1419,1.6094379124341003
1420,1.3862943611198906
1421,2.4849066497880004
1422,1.9459101490553132
1423,1.0986122886681098
1424,3.044522437723423
1425,1.0986122886681098
1426,3.258096538021482
1427,3.332204510175204
1428,3.091042453358316
1429,3.970291913552122
1430,1.0986122886681098
1431,3.713572066704308
1432,1.3862943611198906
1433,3.5553480614894135
1434,3.258096538021482
1435,2.3978952727983707
1436,3.367295829986474
1437,0.6931471805599453
1438,3.258096538021482
1439,3.4011973816621555
1440,3.044522437723423
1441,1.3862943611198906
1442,0.6931471805599453
1443,2.4849066497880004
1444,3.970291913552122
1445,3.044522437723423
1446,1.0986122886681098
1447,2.0794415416798357
1448,4.1588830833596715
1449,1.3862943611198906
1450,2.1972245773362196
1451,3.1780538303479458
1452,3.1780538303479458
1453,2.6390573296152584
1454,1.3862943611198906
1455,2.9444389791664403
1456,2.5649493574615367
1457,2.833213344056216
1458,3.1354942159291497
1459,3.871201010907891
1460,1.0986122886681098
1461,1.791759469228055
1462,2.0794415416798357
1463,3.4657359027997265
1464,2.4849066497880004
1465,2.4849066497880004
1466,1.0986122886681098
1467,3.713572066704308
1468,1.0986122886681098
1469,3.8501476017100584
1470,2.5649493574615367
1471,3.784189633918261
1472,0.6931471805599453
1473,0.6931471805599453
1474,1.0986122886681098
1475,1.0986122886681098
1476,2.5649493574615367
1477,1.0986122886681098
1478,2.1972245773362196
1479,2.5649493574615367
1480,1.3862943611198906
1481,4.418840607796598
1482,3.091042453358316
1483,0.6931471805599453
1484,2.0794415416798357
1485,0.0
1486,3.58351893845611
1487,2.772588722239781
1488,3.784189633918261
1489,5.043425116919247
1490,1.0986122886681098
1491,1.0986122886681098
1492,2.70805020110221
1493,0.0
1494,1.9459101490553132
1495,2.6390573296152584
1496,2.995732273553991
1497,2.4849066497880004
1498,1.6094379124341003
1499,5.666426688112432
1500,3.2188758248682006
1501,2.0794415416798357
1502,2.5649493574615367
1503,2.302585092994046
1504,4.30406509320417
1505,2.3978952727983707
1506,0.0
1507,2.772588722239781
1508,2.6390573296152584
1509,2.3978952727983707
1510,1.0986122886681098
1511,3.4339872044851463
1512,3.5553480614894135
1513,0.0
1514,2.4849066497880004
1515,1.6094379124341003
1516,1.791759469228055
1517,2.3978952727983707
1518,3.1354942159291497
1519,3.1780538303479458
1520,1.3862943611198906
1521,1.6094379124341003
1522,4.174387269895637
1523,2.0794415416798357
1524,1.6094379124341003
1525,2.772588722239781
1526,1.0986122886681098
1527,2.5649493574615367
1528,1.791759469228055
1529,3.258096538021482
1530,2.70805020110221
1531,3.091042453358316
1532,2.70805020110221
1533,0.0
1534,0.6931471805599453
1535,1.6094379124341003
1536,2.3978952727983707
1537,2.3978952727983707
1538,0.6931471805599453
1539,0.0
1540,1.9459101490553132
1541,1.0986122886681098
1542,1.0986122886681098
1543,2.70805020110221
1544,1.6094379124341003
1545,3.9512437185814275
1546,2.772588722239781
1547,4.174387269895637
1548,2.772588722239781
1549,1.6094379124341003
1550,0.6931471805599453
1551,3.091042453358316
1552,1.6094379124341003
1553,3.258096538021482
1554,3.4339872044851463
1555,1.6094379124341003
1556,3.044522437723423
1557,2.4849066497880004
1558,0.6931471805599453
1559,5.365976015021851
1560,2.1972245773362196
1561,2.1972245773362196
1562,1.9459101490553132
1563,1.6094379124341003
1564,2.9444389791664403
1565,3.5553480614894135
1566,1.3862943611198906
1567,2.302585092994046
1568,2.772588722239781
1569,2.0794415416798357
1570,3.4339872044851463
1571,1.791759469228055
1572,0.6931471805599453
1573,1.9459101490553132
1574,0.0
1575,1.9459101490553132
1576,3.367295829986474
1577,1.791759469228055
1578,2.4849066497880004
1579,2.5649493574615367
1580,3.295836866004329
1581,0.6931471805599453
1582,1.0986122886681098
1583,2.70805020110221
1584,1.0986122886681098
1585,1.791759469228055
1586,2.302585092994046
1587,1.0986122886681098
1588,3.970291913552122
1589,3.784189633918261
1590,3.4011973816621555
1591,1.0986122886681098
1592,4.127134385045092
1593,1.0986122886681098
1594,0.6931471805599453
1595,1.9459101490553132
1596,2.0794415416798357
1597,2.6390573296152584
1598,1.0986122886681098
1599,2.1972245773362196
1600,1.791759469228055
1601,2.302585092994046
1602,1.6094379124341003
1603,1.791759469228055
1604,3.58351893845611
1605,1.791759469228055
1606,0.6931471805599453
1607,2.8903717578961645
1608,2.4849066497880004
1609,2.995732273553991
1610,1.6094379124341003
1611,1.791759469228055
1612,2.3978952727983707
1613,1.0986122886681098
1614,3.8918202981106265
1615,1.0986122886681098
1616,1.3862943611198906
1617,3.367295829986474
1618,1.791759469228055
1619,2.772588722239781
1620,3.044522437723423
1621,2.5649493574615367
1622,4.31748811353631
1623,3.4965075614664802
1624,0.0
1625,0.0
1626,4.2626798770413155
1627,1.0986122886681098
1628,3.5553480614894135
1629,1.0986122886681098
1630,2.0794415416798357
1631,1.6094379124341003
1632,2.1972245773362196
1633,2.0794415416798357
1634,0.6931471805599453
1635,1.6094379124341003
1636,1.0986122886681098
1637,0.6931471805599453
1638,1.791759469228055
1639,2.9444389791664403
1640,2.8903717578961645
1641,1.0986122886681098
1642,3.367295829986474
1643,3.871201010907891
1644,3.6109179126442243
1645,2.1972245773362196
1646,4.174387269895637
1647,1.0986122886681098
1648,1.791759469228055
1649,2.9444389791664403
1650,1.3862943611198906
1651,2.0794415416798357
1652,3.9318256327243257
1653,1.9459101490553132
1654,5.056245805348308
1655,2.6390573296152584
1656,5.288267030694535
1657,1.0986122886681098
1658,1.0986122886681098
1659,1.0986122886681098
1660,2.302585092994046
1661,2.3978952727983707
1662,1.6094379124341003
1663,3.258096538021482
1664,1.9459101490553132
1665,2.0794415416798357
1666,3.295836866004329
1667,1.9459101490553132
1668,0.6931471805599453
1669,2.302585092994046
1670,2.302585092994046
1671,2.5649493574615367
1672,1.0986122886681098
1673,3.5553480614894135
1674,3.5263605246161616
1675,0.6931471805599453
1676,2.8903717578961645
1677,3.295836866004329
1678,1.0986122886681098
1679,2.70805020110221
1680,1.3862943611198906
1681,1.9459101490553132
1682,4.219507705176107
1683,2.8903717578961645
1684,3.4011973816621555
1685,3.4011973816621555
1686,0.6931471805599453
1687,3.091042453358316
1688,2.995732273553991
1689,1.9459101490553132
1690,0.0
1691,0.6931471805599453
1692,1.6094379124341003
1693,2.3978952727983707
1694,3.6375861597263857
1695,1.0986122886681098
1696,2.70805020110221
1697,3.784189633918261
1698,1.791759469228055
1699,1.791759469228055
1700,1.791759469228055
1701,0.6931471805599453
1702,3.044522437723423
1703,1.9459101490553132
1704,4.2626798770413155
1705,2.772588722239781
1706,1.3862943611198906
1707,3.4011973816621555
1708,2.1972245773362196
1709,2.5649493574615367
1710,1.9459101490553132
1711,1.3862943611198906
1712,2.0794415416798357
1713,1.3862943611198906
1714,3.367295829986474
1715,3.828641396489095
1716,0.0
1717,0.6931471805599453
1718,3.1354942159291497
1719,3.1780538303479458
1720,2.6390573296152584
1721,4.543294782270004
1722,3.5553480614894135
1723,3.5553480614894135
1724,2.8903717578961645
1725,3.367295829986474
1726,1.0986122886681098
1727,4.6913478822291435
1728,3.4011973816621555
1729,0.6931471805599453
1730,1.0986122886681098
1731,2.3978952727983707
1732,3.7612001156935624
1733,4.356708826689592
1734,0.0
1735,2.3978952727983707
1736,0.0
1737,2.833213344056216
1738,2.0794415416798357
1739,2.833213344056216
1740,2.833213344056216
1741,2.6390573296152584
1742,1.0986122886681098
1743,0.6931471805599453
1744,2.3978952727983707
1745,2.3978952727983707
1746,2.1972245773362196
1747,3.5263605246161616
1748,0.6931471805599453
1749,2.5649493574615367
1750,1.3862943611198906
1751,2.833213344056216
1752,1.0986122886681098
1753,1.6094379124341003
1754,0.0
1755,2.995732273553991
1756,2.833213344056216
1757,4.3694478524670215
1758,1.791759469228055
1759,1.6094379124341003
1760,2.1972245773362196
1761,2.3978952727983707
1762,3.8066624897703196
1763,1.3862943611198906
1764,3.295836866004329
1765,1.6094379124341003
1766,0.6931471805599453
1767,2.302585092994046
1768,0.6931471805599453
1769,2.1972245773362196
1770,2.70805020110221
1771,2.1972245773362196
1772,1.0986122886681098
1773,2.833213344056216
1774,2.8903717578961645
1775,0.0
1776,1.791759469228055
1777,1.0986122886681098
1778,2.8903717578961645
1779,1.0986122886681098
1780,0.0
1781,2.302585092994046
1782,3.9512437185814275
1783,0.0
1784,3.6109179126442243
1785,1.3862943611198906
1786,2.0794415416798357
1787,2.70805020110221
1788,2.3978952727983707
1789,4.290459441148391
1790,0.6931471805599453
1791,1.3862943611198906
1792,3.044522437723423
1793,1.0986122886681098
1794,2.70805020110221
1795,1.0986122886681098
1796,0.6931471805599453
1797,1.6094379124341003
1798,2.302585092994046
1799,2.3978952727983707
1800,0.6931471805599453
1801,1.0986122886681098
1802,2.302585092994046
1803,0.6931471805599453
1804,1.0986122886681098
1805,4.465908118654584
1806,0.0
1807,1.0986122886681098
1808,3.044522437723423
1809,2.0794415416798357
1810,0.6931471805599453
1811,3.7376696182833684
1812,0.6931471805599453
1813,0.0
1814,2.302585092994046
1815,2.0794415416798357
1816,1.791759469228055
1817,2.0794415416798357
1818,1.0986122886681098
1819,2.9444389791664403
1820,2.0794415416798357
1821,0.0
1822,1.6094379124341003
1823,1.6094379124341003
1824,3.1354942159291497
1825,2.9444389791664403
1826,2.5649493574615367
1827,2.772588722239781
1828,2.833213344056216
1829,2.1972245773362196
1830,3.091042453358316
1831,0.6931471805599453
1832,1.0986122886681098
1833,2.995732273553991
1834,1.6094379124341003
1835,2.6390573296152584
1836,4.430816798843313
1837,3.4011973816621555
1838,2.8903717578961645
1839,4.983606621708336
1840,3.2188758248682006
1841,1.9459101490553132
1842,3.258096538021482
1843,1.791759469228055
1844,3.367295829986474
1845,2.70805020110221
1846,3.044522437723423
1847,0.0
1848,3.6888794541139363
1849,4.0943445622221
1850,2.302585092994046
1851,3.6635616461296463
1852,1.0986122886681098
1853,3.295836866004329
1854,1.6094379124341003
1855,1.791759469228055
1856,3.367295829986474
1857,4.48863636973214
1858,1.3862943611198906
1859,0.0
1860,0.0
1861,0.0
1862,2.1972245773362196
1863,2.1972245773362196
1864,3.8918202981106265
1865,1.3862943611198906
1866,2.302585092994046
1867,3.828641396489095
1868,4.330733340286331
1869,0.0
1870,1.9459101490553132
1871,1.9459101490553132
1872,2.1972245773362196
1873,2.8903717578961645
1874,3.970291913552122
1875,2.772588722239781
1876,1.9459101490553132
1877,3.332204510175204
1878,1.791759469228055
1879,1.0986122886681098
1880,2.5649493574615367
1881,1.791759469228055
1882,2.9444389791664403
1883,2.9444389791664403
1884,1.791759469228055
1885,3.1354942159291497
1886,1.6094379124341003
1887,2.1972245773362196
1888,2.0794415416798357
1889,0.6931471805599453
1890,1.9459101490553132
1891,1.6094379124341003
1892,3.58351893845611
1893,2.0794415416798357
1894,1.6094379124341003
1895,2.4849066497880004
1896,1.6094379124341003
1897,3.4965075614664802
1898,1.0986122886681098
1899,0.6931471805599453
1900,2.9444389791664403
1901,2.8903717578961645
1902,1.791759469228055
1903,1.3862943611198906
1904,2.70805020110221
1905,1.0986122886681098
1906,1.3862943611198906
1907,2.1972245773362196
1908,3.912023005428146
1909,0.0
1910,1.791759469228055
1911,1.3862943611198906
1912,2.1972245773362196
1913,4.882801922586371
1914,0.6931471805599453
1915,2.5649493574615367
1916,1.6094379124341003
1917,1.0986122886681098
1918,1.0986122886681098
1919,1.0986122886681098
1920,4.007333185232471
1921,3.295836866004329
1922,2.1972245773362196
1923,1.0986122886681098
1924,2.5649493574615367
1925,2.302585092994046
1926,2.1972245773362196
1927,2.995732273553991
1928,0.6931471805599453
1929,2.1972245773362196
1930,3.4339872044851463
1931,2.5649493574615367
1932,2.995732273553991
1933,6.148468295917647
1934,0.0
1935,3.258096538021482
1936,2.9444389791664403
1937,2.4849066497880004
1938,4.174387269895637
1939,1.0986122886681098
1940,3.091042453358316
1941,2.5649493574615367
1942,3.8918202981106265
1943,2.6390573296152584
1944,3.8066624897703196
1945,1.9459101490553132
1946,3.044522437723423
1947,4.290459441148391
1948,2.0794415416798357
1949,2.8903717578961645
1950,1.0986122886681098
1951,1.9459101490553132
1952,1.9459101490553132
1953,3.258096538021482
1954,2.1972245773362196
1955,2.833213344056216
1956,0.6931471805599453
1957,2.772588722239781
1958,2.302585092994046
1959,0.0
1960,2.70805020110221
1961,1.791759469228055
1962,2.302585092994046
1963,4.875197323201151
1964,2.6390573296152584
1965,2.3978952727983707
1966,2.8903717578961645
1967,4.127134385045092
1968,2.302585092994046
1969,4.204692619390966
1970,2.6390573296152584
1971,2.3978952727983707
1972,2.9444389791664403
1973,1.3862943611198906
1974,1.0986122886681098
1975,2.3978952727983707
1976,3.367295829986474
1977,3.5553480614894135
1978,2.70805020110221
1979,1.791759469228055
1980,0.6931471805599453
1981,2.5649493574615367
1982,0.0
1983,2.5649493574615367
1984,2.4849066497880004
1985,3.4011973816621555
1986,4.248495242049359
1987,1.9459101490553132
1988,2.8903717578961645
1989,3.332204510175204
1990,0.6931471805599453
1991,1.791759469228055
1992,2.0794415416798357
1993,2.833213344056216
1994,1.6094379124341003
1995,2.6390573296152584
1996,2.772588722239781
1997,3.044522437723423
1998,3.9889840465642745
1999,3.1780538303479458
2000,2.1972245773362196
2001,2.5649493574615367
2002,4.07753744390572
2003,0.6931471805599453
2004,0.6931471805599453
2005,3.4011973816621555
2006,0.6931471805599453
2007,3.7376696182833684
2008,3.332204510175204
2009,2.302585092994046
2010,0.6931471805599453
2011,3.713572066704308
2012,0.6931471805599453
2013,1.3862943611198906
2014,2.5649493574615367
2015,2.4849066497880004
2016,2.4849066497880004
2017,0.0
2018,3.8066624897703196
2019,1.9459101490553132
2020,0.0
2021,2.8903717578961645
2022,2.4849066497880004
2023,0.6931471805599453
2024,1.6094379124341003
2025,1.6094379124341003
2026,2.302585092994046
2027,0.6931471805599453
2028,3.332204510175204
2029,1.791759469228055
2030,2.6390573296152584
2031,1.6094379124341003
2032,3.1780538303479458
2033,0.6931471805599453
2034,3.332204510175204
2035,1.6094379124341003
2036,2.1972245773362196
2037,2.3978952727983707
2038,3.044522437723423
2039,2.70805020110221
2040,2.8903717578961645
2041,3.4965075614664802
2042,3.5553480614894135
2043,1.3862943611198906
2044,4.663439094112067
2045,2.302585092994046
2046,1.9459101490553132
2047,3.332204510175204
2048,2.995732273553991
2049,1.3862943611198906
2050,2.5649493574615367
2051,0.0
2052,3.58351893845611
2053,0.6931471805599453
2054,1.6094379124341003
2055,3.044522437723423
2056,3.1354942159291497
2057,1.791759469228055
2058,2.5649493574615367
2059,2.3978952727983707
2060,0.0
2061,1.0986122886681098
2062,2.1972245773362196
2063,3.7376696182833684
2064,3.2188758248682006
2065,1.0986122886681098
2066,1.791759469228055
2067,0.6931471805599453
2068,1.3862943611198906
2069,4.007333185232471
2070,1.3862943611198906
2071,2.5649493574615367
2072,2.6390573296152584
2073,2.1972245773362196
2074,1.6094379124341003
2075,2.3978952727983707
2076,1.3862943611198906
2077,3.58351893845611
2078,2.0794415416798357
2079,2.772588722239781
2080,2.772588722239781
2081,2.0794415416798357
2082,2.1972245773362196
2083,1.9459101490553132
2084,3.4339872044851463
2085,3.1780538303479458
2086,0.6931471805599453
2087,4.04305126783455
2088,1.0986122886681098
2089,2.0794415416798357
2090,2.1972245773362196
2091,2.833213344056216
2092,2.5649493574615367
2093,2.772588722239781
2094,0.0
2095,2.0794415416798357
2096,2.995732273553991
2097,2.70805020110221
2098,0.0
2099,3.9318256327243257
2100,3.7376696182833684
2101,0.6931471805599453
2102,1.0986122886681098
2103,2.833213344056216
2104,3.1354942159291497
2105,3.5553480614894135
2106,3.044522437723423
2107,2.772588722239781
2108,3.367295829986474
2109,4.553876891600541
2110,1.3862943611198906
2111,0.6931471805599453
2112,2.833213344056216
2113,0.6931471805599453
2114,3.6888794541139363
2115,2.9444389791664403
2116,2.3978952727983707
2117,1.6094379124341003
2118,1.9459101490553132
2119,0.0
2120,0.0
2121,0.6931471805599453
2122,2.0794415416798357
2123,3.1780538303479458
2124,2.772588722239781
2125,3.258096538021482
2126,3.1354942159291497
2127,1.3862943611198906
2128,2.3978952727983707
2129,2.70805020110221
2130,2.1972245773362196
2131,1.6094379124341003
2132,1.0986122886681098
2133,4.02535169073515
2134,2.3978952727983707
2135,1.6094379124341003
2136,4.1588830833596715
2137,1.9459101490553132
2138,2.1972245773362196
2139,3.1354942159291497
2140,3.044522437723423
2141,2.6390573296152584
2142,0.0
2143,2.302585092994046
2144,3.2188758248682006
2145,2.1972245773362196
2146,1.0986122886681098
2147,1.6094379124341003
2148,1.791759469228055
2149,1.3862943611198906
2150,4.442651256490317
2151,2.70805020110221
2152,1.3862943611198906
2153,2.5649493574615367
2154,2.5649493574615367
2155,3.1354942159291497
2156,4.23410650459726
2157,2.6390573296152584
2158,1.6094379124341003
2159,2.772588722239781
2160,1.791759469228055
2161,0.0
2162,2.0794415416798357
2163,2.1972245773362196
2164,2.5649493574615367
2165,1.9459101490553132
2166,3.6888794541139363
2167,1.791759469228055
2168,1.3862943611198906
2169,1.0986122886681098
2170,3.871201010907891
2171,2.0794415416798357
2172,2.3978952727983707
2173,4.406719247264253
2174,2.3978952727983707
2175,1.791759469228055
2176,1.0986122886681098
2177,1.3862943611198906
2178,3.5263605246161616
2179,1.3862943611198906
2180,0.0
2181,2.6390573296152584
2182,4.189654742026425
2183,3.044522437723423
2184,1.9459101490553132
2185,4.442651256490317
2186,1.791759469228055
2187,1.3862943611198906
2188,2.8903717578961645
2189,1.3862943611198906
2190,3.5553480614894135
2191,2.70805020110221
2192,3.332204510175204
2193,0.6931471805599453
2194,0.6931471805599453
2195,1.6094379124341003
2196,1.3862943611198906
2197,2.1972245773362196
2198,1.0986122886681098
2199,4.04305126783455
2200,1.3862943611198906
2201,2.5649493574615367
2202,3.828641396489095
2203,3.4339872044851463
2204,0.0
2205,1.3862943611198906
2206,2.0794415416798357
2207,2.8903717578961645
2208,1.9459101490553132
2209,2.302585092994046
2210,1.0986122886681098
